01a429f8-f576-4d9b-8d0e-4d5e8ef37e09|Cyrill|Haeslier|vbiaggelli0@prweb.com|615-978-0286|7 Hooker Court|Massachusetts|2119|United States|US
2bca6dfc-997c-4176-b187-93899775bafc|Anallese|Smallpeice|mburdell1@apache.org|426-368-6707|911 Butternut Point|Colorado|80915|United States|US
8c94b728-9b9c-4a02-8c0f-155e715d2fcf|Lucinda|Schruur|stavernor2@tinyurl.com|904-881-3479|7 Kensington Hill|Montana|59806|United States|US
ba889f52-afb8-4651-b012-7464b4aa4b15|Larissa|Tythe|ddeveraux3@yale.edu|269-727-5895|9797 Del Mar Street|Oklahoma|74156|United States|US
b523f7f3-0338-4f1f-a951-a387beeb8b6a|Adolphe|Letford|condra4@nps.gov|528-239-9505|4756 Forster Hill|Tennessee|37245|United States|US
e2249330-c07a-4796-95c8-a90523ffe210|Natalina|Lattie|kswash5@reuters.com|350-620-1149|42567 Larry Hill|Virginia|23225|United States|US
b1949e13-2502-429d-b6ce-b5e60803d9d0|Elsinore|Mars|estpierre6@pcworld.com|323-323-3113|303 Logan Avenue|Nebraska|68524|United States|US
bbb7249e-b197-4440-935d-8e952743f465|Gavin|Tamsett|rvine7@usnews.com|402-915-9491|90 Messerschmidt Court|California|92121|United States|US
da8e3b18-8e2b-43f5-86c1-2e5a84094be5|Jasen|Phythean|theakey8@miibeian.gov.cn|397-840-1596|314 Clemons Street|New York|10155|United States|US
ddbf0216-8700-4c13-a688-e40fa7f68a5c|Morlee|Zwicker|gburnel9@about.com|224-825-7531|16 Schmedeman Road|West Virginia|25709|United States|US
cbd9a0e9-d427-44c0-a50c-4118f4c8da87|Alexis|Reeves|sjouena@amazonaws.com|841-292-9149|1537 Myrtle Pass|Alabama|35285|United States|US
93b0afaf-6559-4501-8413-d02581393f8d|Zea|Saggers|kpickburnb@ox.ac.uk|292-532-8989|5468 Crescent Oaks Drive|California|94147|United States|US
530a2dc0-1905-4dbc-b321-fa76c3dd2f47|Adolph|McGiff|bprichardc@networksolutions.com|723-920-8408|30 Merrick Alley|Louisiana|70149|United States|US
940257a4-9ea0-4118-8e97-b1427f3afa59|Keith|Ferreo|koldfieldcherryd@sourceforge.net|980-141-2849|96 Oakridge Junction|Colorado|80126|United States|US
fd67d612-ad15-42f9-9402-e818689f764f|Ruthanne|Little|lhubane@joomla.org|249-566-5759|40375 Coolidge Court|Illinois|61656|United States|US
2e028c7c-a0af-49ad-b115-140b96fca52c|Noel|Fairbourn|nkohlerf@usa.gov|378-309-5847|8 Northwestern Park|Oregon|97286|United States|US
51a493f7-f244-4af7-bad7-1a38bd4b6368|Jorie|Matzen|sstaiteg@redcross.org|814-480-1095|444 Oriole Road|Mississippi|39236|United States|US
25ca3929-17c6-4839-a25f-454c150defd5|Annnora|Mertgen|hmcgonnellh@sohu.com|226-346-6358|75228 Bay Place|Delaware|19805|United States|US
b1c9d426-bce8-4e7d-8b13-26059302d8b9|Zachary|Flement|icallcotti@virginia.edu|422-816-5977|599 Harper Circle|California|94250|United States|US
e8e90ed7-0392-4474-9a3c-6bf231962e19|Lew|Coggin|hgipsonj@clickbank.net|927-490-3000|7884 Mockingbird Court|Connecticut|6726|United States|US
84f2e2e5-71ff-4eb3-916e-942af5358942|Bord|Stitle|kmcavaddyk@163.com|768-145-5804|28829 Cherokee Junction|Florida|33615|United States|US
b1cf713e-ada0-4347-b7f4-423abe6fe00c|Augustine|Daveridge|falcornl@virginia.edu|949-539-9332|25472 Lerdahl Point|Florida|33028|United States|US
6cf374c9-c1ca-45d6-84e7-e89f21559432|Smitty|Birts|rbimsm@lycos.com|898-454-6870|531 Mifflin Way|Florida|32610|United States|US
547a92bc-5a9d-4cde-870d-f77cf57d8213|Clara|McGorman|tbenazetn@issuu.com|815-644-7290|4 Village Avenue|New Mexico|87140|United States|US
c11d69cf-3491-4a28-8d55-7d8814758bb2|Colet|Dansken|kglindeo@rambler.ru|888-585-1136|1 Pleasure Junction|New York|11447|United States|US
36639892-56e8-4563-b563-c66a55d7098c|Torin|Moseley|bwilemanp@moonfruit.com|520-478-8479|5918 Buena Vista Center|California|90025|United States|US
7c538297-fdbf-4993-8ff2-82276f9f8142|Gaspard|Flipsen|uherreroq@youtu.be|314-146-1212|76 Reindahl Lane|Tennessee|38126|United States|US
51665aa0-bd93-4ab7-89cf-2d51b31804c2|Sallyann|Jupp|wwanner@pen.io|645-669-3892|03649 Walton Alley|Nebraska|68144|United States|US
b93e6d46-3599-4a78-9020-78fcb91c8823|Sergei|Gookey|vchallenors@cocolog-nifty.com|697-528-1084|4 Moose Avenue|Texas|78410|United States|US
7bf6a378-cf22-4bee-89e4-b6bde0e874e2|La verne|Lahiff|nmarklt@statcounter.com|109-379-5145|4459 Leroy Street|California|93150|United States|US
1cac25d9-dd39-4f6b-8435-49ac65edb5ce|Gilbert|Caccavari|molufsenu@unesco.org|590-204-9994|996 Thackeray Avenue|Texas|79415|United States|US
bc7b9754-898a-4c39-99ed-c96ed6bc8235|Gussy|Blagbrough|bredfernev@gmpg.org|227-176-1728|70 International Drive|New York|14609|United States|US
1f1d77d1-1a06-451b-8c00-0a47343c79bb|Garrett|Alp|abachnicw@wikia.com|860-560-3822|60 Lien Avenue|California|94142|United States|US
3d15f569-c141-42d9-ad6e-33b611b02ace|Remy|Halwell|fschreinerx@godaddy.com|512-440-8310|8101 Mosinee Place|Massachusetts|2119|United States|US
fb7c1b91-3c6c-4c96-a9a3-7c2388b01c7a|Analise|Pirnie|hbraffertony@reference.com|364-991-5875|464 Katie Pass|Alabama|35487|United States|US
d92a7e42-9102-44c0-a0ca-52852cfb11b2|Wilie|Frankling|slanderz@amazon.com|980-544-4060|80726 Delladonna Park|Texas|76134|United States|US
764134ad-1416-4d4c-af44-4c55257a6d7b|Damaris|Yurov|cminor10@accuweather.com|481-539-0938|67698 Hoard Center|Missouri|64142|United States|US
c86a022a-fd91-4e97-8bc5-222591422594|Richie|Wrigglesworth|tartois11@businessinsider.com|265-160-0121|21 Stephen Parkway|Alaska|99507|United States|US
2ecbf78d-67ce-4991-8ee0-b11c66640ed0|Roslyn|Hunnaball|wjeste12@opensource.org|223-851-2822|55700 Truax Plaza|California|92705|United States|US
60f05753-e616-4fba-bb9e-36d1a20f1472|Colan|Loughton|cacreman13@wikimedia.org|506-782-3298|30 Stoughton Park|Louisiana|71213|United States|US
1eea3725-c058-495a-8a65-d5395dcbe804|Thurston|Magog|bakid14@ucoz.com|580-814-7195|3 Cottonwood Avenue|District of Columbia|20005|United States|US
f7a0f628-ea56-4cf6-b366-814c7e011707|Halsey|Leafe|cfearn15@xing.com|728-180-0285|3954 Lighthouse Bay Pass|Virginia|23605|United States|US
52ce2240-3189-4f34-bde3-accc486cda82|Isis|Carff|lchurchouse16@ca.gov|463-251-3908|0004 Carberry Drive|New York|10004|United States|US
6ee35a0f-1f09-4f93-9670-7f89b6dd71b3|Charyl|Thomton|fhallgath17@go.com|879-617-0173|9 Roth Court|Maryland|21229|United States|US
a0df8303-3823-4689-82f4-5bc83afe99e0|Levi|Philipard|lscherme18@columbia.edu|393-210-9501|67 Rowland Plaza|District of Columbia|20036|United States|US
04565e57-e4cc-455c-9b0d-34f242ba35ed|Rikki|Kahane|dbirkenshaw19@furl.net|305-814-7822|378 Moose Center|Pennsylvania|19196|United States|US
5cfa0ec7-70dd-4634-b7d2-a92aec2f57a3|Kendall|Brands|gargabrite1a@webnode.com|563-323-3289|7 Park Meadow Trail|California|90605|United States|US
05fda03e-611d-442e-9d46-f98ac047085e|Allianora|Reymers|driccardo1b@parallels.com|274-729-0717|94241 Derek Way|California|93311|United States|US
d490a965-c3c7-4db4-b334-6b2ee3f9c6e9|Fran|Fleetham|velton1c@boston.com|253-614-0334|21 Longview Street|Kansas|67230|United States|US
531a2be5-2343-4742-996d-3c5c5af3be27|Herschel|Ryall|pashfull1d@nytimes.com|118-236-7205|98329 Novick Lane|Utah|84403|United States|US
d8600030-fcbe-497c-81c8-b60a941b17d2|Mario|Prickett|svogelein1e@uol.com.br|679-623-1304|9 South Place|Georgia|30311|United States|US
17b126e2-d134-4b55-8ba2-9597f8e7b093|Claudette|Whittingham|ecops1f@princeton.edu|815-868-7577|7 Beilfuss Trail|New Mexico|87121|United States|US
445cda56-fdff-48cc-9077-add79ef46a9f|Allard|Smidmoor|cstarrs1g@networkadvertising.org|562-901-6505|44658 Randy Street|Arizona|85305|United States|US
12bec8df-2ebf-482e-aaab-6976813e4ec2|Eula|Sieve|qhendriks1h@instagram.com|721-214-3248|8524 Merchant Parkway|Nevada|89145|United States|US
3e473d17-edeb-4d0e-9acf-c1441326d119|Danica|Medd|carmytage1i@netlog.com|761-327-7765|4 Oak Valley Avenue|Wisconsin|53210|United States|US
c46070e9-62e7-43e5-a0b4-38aabb4aacd0|Charyl|Jann|sodennehy1j@berkeley.edu|511-836-6736|523 Loeprich Park|California|95823|United States|US
41a5979d-18e8-4069-adea-c9ed48bb3ed6|Ulric|Stallybrass|kplaice1k@columbia.edu|490-910-2005|100 Gerald Circle|Oklahoma|73157|United States|US
94f75c31-c1aa-4716-adbb-3fe44499b9e1|Zaccaria|Shurrocks|lnutley1l@youtube.com|127-126-8990|4175 Lakewood Junction|Massachusetts|2142|United States|US
84badc72-3daf-4b80-a8b9-2c6048084418|Virginia|Sarrell|dsimpkiss1m@reverbnation.com|749-196-4123|16 Birchwood Court|Arizona|85062|United States|US
3e6f5854-24f4-422e-ad57-e95faab2653b|Jobina|Cuttles|lmeneo1n@51.la|148-184-4562|44764 Prairieview Parkway|Ohio|45020|United States|US
7e54b4c2-0fc9-4e3f-a80f-916d55d64f50|Malanie|Tomenson|lryrie1o@plala.or.jp|544-493-5960|7010 Dottie Park|Florida|33661|United States|US
5fb8398d-268c-4f8f-bc1d-c9e74cbc73a5|Dulcy|Jedrzejewicz|mgrinnell1p@wp.com|228-259-4192|93328 Schiller Place|Indiana|46857|United States|US
b70cefaf-729a-46e8-b012-1bd6de55f188|Kasper|Blueman|driteley1q@cocolog-nifty.com|872-713-1934|7 American Way|Georgia|30919|United States|US
381acffc-d912-4e1e-b191-31abc07b920f|Aurea|Twitchings|arudwell1r@taobao.com|766-814-0087|4329 Bonner Avenue|Virginia|23605|United States|US
08623004-6a9a-4dd2-9c75-64f61272c83a|Genni|Carlill|bwithams1s@google.pl|263-759-6412|5309 Jackson Road|Texas|76705|United States|US
d648722b-9777-4fe6-8939-2a9f16c2b99a|Colet|Duggan|jfilyaev1t@usda.gov|284-869-7015|6 Forest Run Trail|Nebraska|68531|United States|US
4bc8880f-ffe4-43a8-b364-b0e1248643f0|Bertina|Hindes|bbonnick1u@arstechnica.com|735-629-5720|79 Roxbury Circle|Virginia|23454|United States|US
d308cf62-e965-4a95-900b-4ec53826b81f|Leeanne|Reeveley|wmilton1v@weather.com|337-548-0317|77072 Bobwhite Alley|New York|10165|United States|US
5ba43d90-10f0-4f12-86fc-01e66a1fa155|Cathee|Torr|mcudworth1w@themeforest.net|915-640-1144|7400 Rutledge Court|Michigan|49518|United States|US
66d0909d-cab8-4925-86d2-1f39b797aa0f|Josie|Bouzan|bblakeway1x@gravatar.com|176-465-9139|3182 Menomonie Center|Massachusetts|2104|United States|US
aa17502d-df71-40e9-bc8e-664d4ddbc786|Kenn|McGlade|rmarrison1y@artisteer.com|839-126-5717|03 Southridge Lane|Illinois|60208|United States|US
81333c22-4e2f-4953-8d6b-c0c8151215c6|Kendell|Marshfield|cfeatherstonehaugh1z@4shared.com|997-439-8152|65470 Graceland Lane|Nevada|89145|United States|US
aa2d6318-8469-458a-bd5d-12d4ea6d73f0|Sibelle|Saxby|abillinge20@icio.us|733-104-5233|4450 Heath Lane|Kansas|67220|United States|US
e980d38e-68db-4034-9e0e-4b50f5347014|Melessa|Ceyssen|rridgedell21@ted.com|735-855-9415|14068 Dorton Terrace|Texas|75372|United States|US
621e8f16-703c-4a37-ba62-a9928adccc9d|Beauregard|Garahan|hschuelcke22@nyu.edu|401-416-7141|24 Hazelcrest Center|District of Columbia|20566|United States|US
a8602711-84d1-4306-812a-f86c7e0ae70b|Sarene|Laxen|cswyn23@jiathis.com|945-637-6889|76293 Transport Street|Florida|34102|United States|US
60e6f066-63f8-45d8-a5c9-868e51afd6f9|Allene|Mocker|ctroucher24@php.net|134-462-3970|888 Iowa Road|Florida|33164|United States|US
2a8e69ce-ce2b-449f-b6cd-b5353c486baa|Fabien|Dorey|ahaselwood25@wikia.com|832-156-1968|7931 New Castle Circle|Connecticut|6825|United States|US
85745fa5-f2d2-4a02-9011-f29473a991d6|Padget|Jedras|gmanuely26@yellowpages.com|457-676-0030|14202 Arrowood Crossing|Georgia|31132|United States|US
d4f44124-1e46-4405-87d3-7c9ead0fd358|Cammi|Plomer|hkeaton27@merriam-webster.com|669-294-5162|73634 Gina Street|Illinois|60657|United States|US
eab4b0ae-12d2-4a06-b8a6-052b63b686c3|Deanne|Klima|tsegoe28@mysql.com|110-568-1376|11 Ruskin Street|Arizona|85015|United States|US
26bcb953-3522-43a3-ad5a-24e634d58c4c|Neel|Strangeway|jbeachamp29@friendfeed.com|624-440-4649|29 Lunder Center|Florida|33625|United States|US
6528af49-bea5-4401-8ccf-b58efd48cbd1|Zed|Guiel|cstodd2a@free.fr|721-588-8063|198 Oak Center|Kentucky|40220|United States|US
45abbe0e-ddff-4a37-90be-9995e1da02d6|Katrine|Skurray|cberg2b@biblegateway.com|972-873-5439|52783 Talisman Place|Florida|32399|United States|US
3733672f-ebd9-4d1d-8998-f82cc96cdf77|Christoforo|MacRonald|itinkham2c@jalbum.net|739-534-8618|2 Trailsway Avenue|Washington|99215|United States|US
5cf26c12-91b8-4df7-8584-aa16e73709d7|Farrel|Sporton|rmacvaugh2d@cpanel.net|647-616-8805|725 Eagle Crest Alley|Alaska|99790|United States|US
1c1ffb17-6369-456b-ba01-8f865cd401d4|Cullen|Feuell|voverall2e@fema.gov|762-266-5459|86473 Darwin Junction|Iowa|51105|United States|US
8ab464f3-4399-458d-a8ef-47e3d41071c2|Tricia|Killingbeck|dteape2f@infoseek.co.jp|489-424-6325|2611 Crownhardt Drive|Ohio|44305|United States|US
8f404653-8002-4b64-9c9a-f49d58cc72e6|Montgomery|Swaisland|nforrestor2g@dion.ne.jp|888-472-1592|4 Westridge Drive|Colorado|81505|United States|US
f087846c-1821-4350-bfa4-ea477d3eb3b4|Oberon|Kellard|mfills2h@myspace.com|903-469-0503|0 Bunting Junction|Nevada|89436|United States|US
dda4674f-8456-4d2e-a31f-e57d792dd6ea|Niles|Vasyaev|gbrandrick2i@jiathis.com|561-244-1039|4457 Melvin Point|Georgia|31904|United States|US
f593cc6e-2993-4bb5-82e4-ad8359d99da8|Genevieve|Teissier|backermann2j@simplemachines.org|350-392-5502|99 4th Way|Arizona|85305|United States|US
1639d91f-fe80-4c0b-8650-2b0ada3c820c|Ariella|Espinheira|anormand2k@mapy.cz|575-295-6988|27 Victoria Junction|Nevada|89193|United States|US
d9db55f5-61b1-4392-ab0f-ed0d9cfaa6eb|Homerus|Streets|xbisiker2l@vkontakte.ru|762-822-7772|63024 Prairieview Pass|Alabama|35215|United States|US
fa3164f0-87ae-4c0a-988e-ee8ce6577286|Reube|Plaschke|afane2m@cnet.com|957-186-7270|91801 Hagan Way|Minnesota|55172|United States|US
a34f9fff-750a-4101-bd4b-5944b44d1aa9|Dedie|Chugg|ncasado2n@shinystat.com|938-847-7184|1 Redwing Pass|Texas|79769|United States|US
2b601c0c-7edc-49d0-8973-800cc3e6b0ba|Tamar|Naisbet|vsweating2o@xing.com|414-285-1441|0 Independence Junction|Tennessee|37131|United States|US
830a6eca-6655-4b89-9202-0a421ff0a774|Ford|Vasiljevic|kmaudlin2p@latimes.com|926-243-4728|07 Macpherson Junction|California|94522|United States|US
d201bf6b-7565-4b12-95b4-28010f403358|Nathalie|Thing|sroach2q@cafepress.com|283-941-0471|23 8th Park|Oklahoma|73147|United States|US
73abd6cb-4c51-48ce-8dcc-489b70b7d528|Devina|Heers|gmogenot2r@instagram.com|417-901-2414|7 Crest Line Pass|California|92717|United States|US
8adacb0b-01e6-4aa4-998a-2052014dbde1|Maximo|Craigheid|earnold2s@51.la|439-854-4313|16479 Twin Pines Pass|Florida|34745|United States|US
7463f793-f6c7-40cb-818f-e94a968de06b|Cart|Garnul|jwytchard2t@sphinn.com|760-466-6950|2 Valley Edge Hill|Minnesota|55573|United States|US
0982dd3e-eb17-428c-adc6-7df312e33824|Johanna|Tommei|kwoonton2u@adobe.com|507-207-2429|4 Starling Court|Ohio|44710|United States|US
f3e3b805-4c8a-4307-9f4f-1bf5335c94b1|Der|Filyushkin|cnormaville2v@mac.com|683-786-5259|35 Bonner Plaza|California|94257|United States|US
01711061-a5df-4dc5-9abb-71bada250ddc|Estrellita|Kynsey|eghioni2w@gnu.org|668-923-7341|75 Prentice Trail|California|93407|United States|US
6de2bcdc-1533-4f28-adac-546a90f4a8c6|Constantine|Pomfrett|ntwelftree2x@google.it|187-877-2763|4747 Del Mar Court|North Carolina|27110|United States|US
bdc0a0c7-ef9d-4ffa-837f-c8eac201012d|Cindi|Atter|jjobbins2y@examiner.com|203-178-6983|722 Crest Line Pass|Tennessee|37914|United States|US
7dddd189-2ffe-4e3f-9450-e422e3db9d65|Reina|Losselyong|gscutts2z@google.co.jp|281-309-2961|05 New Castle Point|Louisiana|70826|United States|US
f88fdd10-ef3d-460a-a7fd-5dcc87571be6|Marlee|Grinval|klongman30@yale.edu|667-492-9839|04918 Service Circle|New York|11044|United States|US
2918648e-87e2-42ea-864b-2567bef8d2a7|Zuzana|Gregs|ddumbreck31@hubpages.com|672-934-4387|19219 Doe Crossing Center|Arizona|85705|United States|US
52b5f0d6-cd3b-4471-b34e-8bfe004c6434|Nita|Fenelow|tdaeth32@accuweather.com|491-786-9747|898 Alpine Alley|Texas|77255|United States|US
2cf81227-bb15-4eca-91f8-f5943c7d59c5|Katerina|Stallworthy|gtilford33@gov.uk|675-316-8564|29909 Rusk Hill|Florida|33134|United States|US
ef763510-acf3-4162-a1a0-e209d6ce4828|Ursa|Eirwin|sgonneau34@cnet.com|787-748-9534|870 Mariners Cove Terrace|Oklahoma|74170|United States|US
cdb6ddbe-83ab-4d56-b799-a3037461a197|Evangelin|Shurmer|mthorington35@twitter.com|726-392-3193|125 American Ash Road|California|92883|United States|US
0b8a2f96-6625-4f2e-a21b-bece233fc377|Nicola|Deakin|ktilbrook36@google.com.au|439-505-6132|8165 Graceland Crossing|California|94042|United States|US
54c0f6e3-75bc-4586-adf2-b5f04dce10b7|Price|Haggith|rtomasino37@fc2.com|772-797-2354|3 Summit Plaza|Pennsylvania|15286|United States|US
be2b8f84-42eb-4f87-865f-244a22a3f126|Brinna|Selcraig|ztorresi38@tamu.edu|783-753-7184|254 Rigney Junction|Florida|33345|United States|US
778e90eb-8256-4a6f-a5ad-13ab3682efd3|Carroll|Caplan|awisson39@reference.com|990-221-6808|0 Butternut Parkway|Oklahoma|73129|United States|US
942be685-004d-4e2b-a78d-70076dc0fcc3|Loleta|Vickery|rbeceril3a@statcounter.com|391-394-8334|2 Northport Junction|Alabama|36104|United States|US
111746ce-90c2-4b33-a260-4f755779f23d|Mildrid|Dugan|rfathers3b@multiply.com|993-617-2169|967 Karstens Hill|Missouri|64130|United States|US
bd014615-5901-45e4-b1f7-913ff5d24761|Berkie|Liley|zjessopp3c@newyorker.com|106-473-7779|4225 Manufacturers Point|Oklahoma|73109|United States|US
2e3712e6-60b7-4234-bb52-73a1c63048c0|Dan|Winfield|lgirvan3d@weather.com|208-560-1422|6 Briar Crest Road|Kentucky|40546|United States|US
f795fa6b-80b7-444b-9637-251970d44c3c|Egbert|Beardsley|hgardner3e@google.nl|509-939-8240|5 Sachtjen Circle|Illinois|61825|United States|US
e481f5c6-adea-468f-92e2-61b5d0a1e8b7|Grannie|Melton|sswinfen3f@acquirethisname.com|845-120-9189|656 Havey Place|California|90076|United States|US
0aaf917a-ae60-4c98-9608-9d574ecd8118|Alecia|Veitch|zwatsham3g@mysql.com|860-937-5548|93519 Grasskamp Avenue|Texas|79116|United States|US
12a89778-19c0-4a44-98fc-12cdaffdb00c|Dorthea|Shipman|scorro3h@t-online.de|809-393-6838|8325 Westend Terrace|New York|10203|United States|US
cb6799b5-afdf-4e73-be58-6fa328babcc9|Eugine|Izchaki|tdunn3i@people.com.cn|149-958-8243|214 Cordelia Circle|Nevada|89160|United States|US
f866005f-c5db-4df3-93f3-e5bb8f1488ad|Yankee|Bohin|spoultney3j@prnewswire.com|481-629-5460|58 Texas Point|California|92105|United States|US
ef5a22ad-3f5c-41d7-9040-5e5169a1fe66|Lorilee|Troup|bmckerton3k@barnesandnoble.com|140-764-6284|1 Dryden Alley|Alabama|36616|United States|US
d58aa309-0094-4464-a3f5-0f1ca41b6c24|Tirrell|Klimentov|bburet3l@rambler.ru|946-241-5241|89 Maryland Crossing|Louisiana|70165|United States|US
a1e468c0-1934-4511-9fcd-bf7858c81c20|Maxy|Licciardo|carckoll3m@wikispaces.com|859-693-5762|1494 Esch Drive|Florida|33069|United States|US
bc026719-358d-4dfc-9c6a-76f9efdf4256|Alyda|Moysey|abrounfield3n@mac.com|923-963-4536|84 Tennessee Street|Ohio|45440|United States|US
79a96e92-5f08-4b3c-9852-5c1662542ddf|Bink|Toderbrugge|fwardall3o@ning.com|745-487-6665|9 Corry Lane|Iowa|52809|United States|US
a21d0cbd-0934-4442-a273-a3bf3103bd10|Corena|McCurley|lpaolazzi3p@chicagotribune.com|627-888-1409|41 Pine View Hill|Louisiana|70505|United States|US
03b08508-50c2-4bba-b5e6-515f9ec32fb5|Valentijn|Baalham|bchittie3q@deviantart.com|421-368-8904|6 Division Court|Texas|77065|United States|US
2660f6ae-9125-4054-8561-95b7095a435e|Marcie|Stradling|tsmithers3r@ehow.com|668-556-8465|86676 Hauk Way|California|90810|United States|US
dff5bc5e-679f-44d5-8a2c-6c072fc2d33a|Menard|Twinborough|ahess3s@quantcast.com|974-724-1458|90440 Acker Circle|California|93750|United States|US
8b2c5985-804c-432e-9003-b2ccf17f547c|Margo|Pauly|yjeavon3t@xinhuanet.com|125-181-5653|4 Nevada Trail|Texas|76305|United States|US
288b929b-6b7f-43e2-bd2a-307f332d87df|Eddie|Bentson|cshafier3u@acquirethisname.com|772-836-9580|0 Sachs Road|Texas|78260|United States|US
5b297cff-228b-4ac0-9287-77718657c1a7|Adrianne|Grzegorek|kbostick3v@prlog.org|368-666-2835|7312 Manitowish Parkway|Utah|84605|United States|US
79ac7f11-df3d-47e9-ba1d-389a40b0d140|Shepherd|McBeth|aanan3w@usatoday.com|477-485-1946|7 Hoffman Point|Minnesota|55402|United States|US
defb3345-f536-406e-951a-ef18a87182e5|Orlando|Leighfield|tfrissell3x@phoca.cz|850-518-4581|30 Moland Drive|New York|14905|United States|US
90cf118c-2ba5-4372-bfeb-ad82896a47e0|Ossie|Duckitt|bmorot3y@qq.com|365-920-9232|3 Darwin Pass|Alabama|36114|United States|US
879479ec-186c-4d42-baed-d767c32ebdcc|Thaxter|Braithwait|aelward3z@unblog.fr|365-576-6286|6 Sloan Road|Colorado|80262|United States|US
13b06bee-306b-4476-9796-4c9ef2423bd7|Rachelle|d'Arcy|resser40@google.com|962-633-4076|92714 Stephen Street|New York|11355|United States|US
db9b7006-5ab5-4a89-9443-26a6b1639ade|Cad|Teodori|lupex41@uol.com.br|593-447-3371|613 Maple Crossing|Texas|77095|United States|US
5a91a37a-3015-47be-b5a2-9f88e0e2d020|Jules|Phelit|agather42@latimes.com|336-424-4062|688 Alpine Road|Indiana|46620|United States|US
b2aa9f1f-65a7-45d2-b6af-c84f881a3d01|Paulie|Ewington|eoverthrow43@weibo.com|690-376-3505|2 Continental Street|Kentucky|40515|United States|US
1f338bd3-da9c-4caf-9abf-02752f61cbf8|Celie|Squirrell|gmorgan44@google.ru|243-912-5356|59 Vidon Place|Texas|78426|United States|US
0b5b416f-ef37-4e54-924f-e605ddb78ad2|Dylan|McGerraghty|zaronstam45@usgs.gov|426-549-8932|486 Kensington Court|Connecticut|6854|United States|US
d003a899-e40a-46e9-8519-9f321e2d7204|Tatum|Avraham|eboddie46@hud.gov|966-792-6812|2 Mcguire Way|Minnesota|55123|United States|US
45e3e60c-9e0e-4d1b-8329-56c59573070f|Launce|Dufton|cblease47@umn.edu|855-342-6147|9 Weeping Birch Road|Florida|32511|United States|US
6a2b849c-6511-4714-9dee-8a7b28ce3a14|Bernete|Pfeuffer|cinnwood48@multiply.com|371-912-4031|085 Drewry Center|Texas|78769|United States|US
81c07143-e44f-4007-aea0-68ef68220850|Adolpho|Tock|lsaunder49@sciencedaily.com|124-763-5778|5 Colorado Lane|Florida|34114|United States|US
1fc7c380-2110-41ef-a06e-c008480a7618|Weider|Baytrop|jdombrell4a@indiegogo.com|472-598-7429|152 Meadow Valley Alley|Ohio|44185|United States|US
a51fd759-4d43-48b0-b929-b38ef0399051|Beau|De Carolis|randrejs4b@hostgator.com|614-841-4343|79 John Wall Avenue|New York|11236|United States|US
29c609b2-075a-40c5-9902-0b13bb1cb11a|Doralyn|Dobbins|cebrall4c@spotify.com|640-612-4309|0771 Scott Pass|Maryland|21282|United States|US
2c70df34-bf2c-447e-a255-042fe26ce743|Mallory|McMeekan|nmacintosh4d@tmall.com|894-165-4628|865 Hallows Drive|Alabama|35815|United States|US
9473fd80-3c09-4768-a471-3818a404bb08|Ottilie|Rhoddie|rcremen4e@netlog.com|537-620-7619|324 Sloan Center|Florida|32092|United States|US
b9be3390-ec47-4398-912c-c1b20187eade|Halli|Barrington|chawse4f@hibu.com|661-199-7511|552 Kropf Plaza|South Carolina|29905|United States|US
c81d29bf-76fc-4145-9023-39f800124895|Andrei|Dutch|ikayes4g@arstechnica.com|782-401-4747|0 Briar Crest Drive|California|93721|United States|US
5531a38c-9686-42fd-900a-e5f5050c97bd|Meggie|Olyff|ffotherby4h@europa.eu|524-507-5190|60920 Rutledge Road|Indiana|47732|United States|US
21d44670-5dae-4753-85ca-0854e70efd85|Marquita|Ricards|chewson4i@netscape.com|932-860-2298|8759 Monument Pass|Colorado|80204|United States|US
16228c86-bb58-4cf6-b5d5-e64086f55a06|Barnie|Chadwick|mbandt4j@epa.gov|418-980-5622|35 Gina Avenue|Texas|79410|United States|US
67122a39-a8b8-4542-91f8-9c6c6bacad25|Ambrosi|Hutfield|salhirsi4k@wufoo.com|490-609-3171|4283 Crowley Avenue|California|90035|United States|US
20e611b1-cc6a-4b2f-afcb-2e2d158f51ed|Mona|Dixsee|jlesly4l@digg.com|406-694-9464|01863 Everett Drive|Texas|77055|United States|US
716094bd-8fc3-4e55-88c5-c36298da9a65|Prisca|Piwell|rmulroy4m@cbc.ca|205-869-9109|0 Nancy Place|Texas|76110|United States|US
e79af7b2-8e3d-45b3-85cc-7eca9eba88cf|Osborn|Zavittieri|eades4n@symantec.com|893-457-0393|8 Hagan Crossing|Montana|59623|United States|US
cd342849-630c-44d4-aa27-45f8871b88f1|Amalee|Nicklin|rpluvier4o@sakura.ne.jp|434-197-0377|3 Farragut Center|California|92115|United States|US
9ded1017-8988-40cc-b2fc-d31c7423eac2|Donall|Swedeland|oshorten4p@noaa.gov|325-318-4499|39565 Transport Crossing|Maryland|21684|United States|US
ce4cd057-dc49-40a8-8ffd-020fd56b4d12|Andeee|Mallender|alawson4q@mayoclinic.com|269-782-1335|91688 Cottonwood Terrace|Virginia|24034|United States|US
cdaa75a3-3c2b-4702-8a19-e1b34e21fca2|Jeno|Blakely|mheyfield4r@ebay.co.uk|581-845-0066|95495 Ruskin Terrace|Virginia|24029|United States|US
2c33ac67-4237-4cfb-94fb-2423384c6b2d|Lindsay|Ruberry|plevane4s@msu.edu|853-255-6329|1 Boyd Junction|Texas|78710|United States|US
b35db109-44c8-4434-b0c6-c629dd856aad|Von|Smitten|ahazleton4t@chicagotribune.com|889-122-7292|3928 Mifflin Circle|Texas|88553|United States|US
f13acef9-1de3-4541-9d5b-915d0e4d517f|Legra|Bewlie|stitchard4u@theglobeandmail.com|146-700-0899|72 Lindbergh Road|New York|10469|United States|US
d4119209-3211-4739-85e2-34db7549b002|Clo|Murrthum|smcgreil4v@example.com|978-194-1492|8 Miller Point|Hawaii|96825|United States|US
1bf6fec0-a8c3-43a9-972f-fa73c0702451|Tova|Gress|bbrear4w@mozilla.org|607-960-3462|08953 Browning Center|Illinois|60193|United States|US
2e309c46-80ec-4297-8e9f-29ea9aa1d080|Griffy|Bilbey|cgotthard4x@istockphoto.com|330-449-4056|122 Florence Court|Washington|98206|United States|US
d44fa65e-b6a1-4148-9fa3-0c828ce632bc|Carver|Lithgow|jwilbor4y@tinypic.com|491-634-5303|3 Pankratz Trail|West Virginia|25331|United States|US
391d8b91-9e5a-4a01-8fe4-6bd7b344fd57|Adoree|Sickamore|parnaudot4z@themeforest.net|482-252-1217|5803 Nelson Point|Florida|33805|United States|US
585ad566-1cff-4708-bd7d-6aa65a774a3b|Florie|Dussy|wjenkyn50@twitpic.com|144-427-5863|76640 Sage Hill|Texas|77005|United States|US
2c7fb37b-b2a1-48a3-a346-c9ef193ff3e6|Etti|Wanjek|ctregien51@java.com|996-320-3736|0900 Waxwing Lane|Texas|78789|United States|US
31abac0e-c8c8-43b0-9237-39a2e4b60b34|Elset|Eddison|wbrecon52@slideshare.net|739-991-9698|6 Sauthoff Road|Washington|98498|United States|US
8e78f01f-0425-4d99-ab2d-da86917ad084|Jocelyne|Yurivtsev|rboules53@bing.com|187-486-1979|8 Kedzie Lane|California|91328|United States|US
34f779f0-eed6-452a-b510-81037e5c3acd|Annabela|Kime|bwestrope54@123-reg.co.uk|518-688-7586|0 Westerfield Center|Texas|78759|United States|US
eed82e84-4776-4d3e-83e2-4f90b9ea61e2|Loutitia|Rivalant|smoberley55@spotify.com|190-251-4179|712 Hermina Pass|Indiana|47937|United States|US
ab777947-8d0d-438c-b62e-f72b5996c864|Chevalier|Riggs|obramsen56@lulu.com|159-445-5712|11 Rusk Court|West Virginia|25770|United States|US
5ff9dfe5-03e3-4604-a1e0-bfa6d7146c8b|Aurea|Spencook|fmacmanus57@hud.gov|214-446-6100|75 Scott Drive|California|94159|United States|US
f9f087da-1638-49d5-ada8-990a93906d62|Jerrylee|Corwin|bmerwood58@etsy.com|396-680-0677|440 Gateway Parkway|Texas|78240|United States|US
10a68864-a017-4517-ae7f-a601d540018a|Delmer|Turvie|chainey59@linkedin.com|849-441-8520|58 Shasta Point|Washington|99210|United States|US
62d096ba-bf85-4d9f-81a6-bb83dd7c475f|Lauralee|Guare|tgearing5a@google.com|227-231-2697|8043 Vahlen Alley|Florida|32405|United States|US
f03097f9-0d61-4c33-95b4-b3a3eb531a3f|Janka|Looker|nkonerding5b@globo.com|384-108-6948|21780 Dryden Terrace|Pennsylvania|15210|United States|US
4fb82743-6979-4dfe-a75a-f49f536c0f87|Toiboid|O'Cannovane|dmarrow5c@linkedin.com|606-162-1522|0186 Pankratz Pass|Texas|78749|United States|US
1bef1032-ca15-4100-b0b4-c7b748f436d8|Rosamund|Demongeot|sbettam5d@ftc.gov|640-700-5095|44892 Hallows Lane|Oregon|97312|United States|US
0d0d080c-1cb0-4065-b969-561dfea6c8a3|Gwendolen|Bullick|bcrosscombe5e@fastcompany.com|783-364-7144|7 Weeping Birch Street|Texas|78759|United States|US
1942e118-5c69-4845-a7d5-88f2eac003b4|Marcile|Medlin|tstanlack5f@myspace.com|634-592-1698|9366 Hoepker Center|Texas|75044|United States|US
6669d0f3-a620-4f3c-9df9-4d4ffb516acd|Shoshana|Kurdani|fblunsum5g@shop-pro.jp|117-438-0594|93035 Farragut Road|California|95823|United States|US
de578fa5-5a02-4d97-bf0d-5f29147751b3|Guss|Lithcow|clawfull5h@dell.com|725-676-5500|30 Fulton Junction|Mississippi|39216|United States|US
9eea8b0a-f496-41a8-b1d7-e9af32c49c6a|Gherardo|MacAless|ccosley5i@berkeley.edu|515-351-2138|100 Westridge Way|Virginia|23454|United States|US
b330d947-80f2-477b-a148-956eff4f7757|Forest|MacConnell|jmaberley5j@tinyurl.com|804-408-5049|5 Cottonwood Court|Maryland|21282|United States|US
d3beed5b-5bb6-45f7-96aa-d16b86aa8731|Kristan|Dalgety|grighy5k@yandex.ru|992-918-5925|9254 Rockefeller Alley|Texas|79977|United States|US
93aeac33-73ad-47b1-9567-9f9648c758c4|Anya|Keener|jfilinkov5l@mtv.com|165-155-3934|348 Bashford Hill|Ohio|45238|United States|US
91059bb6-e105-4842-b236-d7b1ce441414|Sandye|Morphet|gpingstone5m@digg.com|948-765-1761|67 Hauk Plaza|Georgia|30245|United States|US
47c10d82-31dd-4e1b-9121-a1d1e20ee16f|Broderick|De Ruggero|mlitton5n@google.co.uk|980-679-6334|945 Boyd Way|Texas|75260|United States|US
343879ed-4b71-43cd-8e0c-b69840893d82|Wilt|Safell|mingrey5o@gov.uk|306-890-4406|61 Lunder Place|Florida|33961|United States|US
d343e1a3-4d55-4756-94bc-7bbc0eddc9fd|Theodoric|Loosley|dwoolnough5p@mashable.com|200-994-6230|8 Kenwood Center|New York|11044|United States|US
b5d74c14-a4d9-4128-9dfb-521cfa648f47|Beck|Verlinden|cfarans5q@admin.ch|316-103-9336|88832 Evergreen Drive|Kentucky|40618|United States|US
158bf54e-fe71-4637-8d6c-b7ce66cde329|Bran|Robichon|zgerritzen5r@clickbank.net|173-618-3726|0054 Ohio Hill|Pennsylvania|15286|United States|US
9973b741-424f-4872-a748-e1193ae84eb7|Clive|Verbeek|scolpus5s@elegantthemes.com|322-515-9506|463 Debra Parkway|Texas|76162|United States|US
2e4db581-844f-4f2d-960d-018cc54494b9|Clea|Curlis|rmackeague5t@chronoengine.com|809-833-9143|39515 Morning Way|New York|11431|United States|US
da8f2f8e-f358-41b6-b4e1-869d1c1f9fc0|Alexi|Esom|vedson5u@fastcompany.com|353-534-0513|90 Bartelt Park|South Carolina|29411|United States|US
fd519cab-77e8-47aa-975e-2e2c08e2716f|Colan|Beller|bmitroshinov5v@marriott.com|237-326-8179|62 Crownhardt Point|Florida|33758|United States|US
db724471-ce2a-41d5-b2f8-e2067e7e01ab|Hyacinthie|Austins|pbratley5w@virginia.edu|404-135-4901|12717 Caliangt Park|Texas|79984|United States|US
9f36044b-90e0-4479-900f-739762961a9e|Roch|Magog|cbroseke5x@usda.gov|522-119-6644|52 Talisman Trail|California|90010|United States|US
e3c36910-116f-454e-a25a-bd4507c1fe89|Rodie|Gorey|kalldread5y@booking.com|927-777-0727|00500 Golf View Junction|Florida|34611|United States|US
71f732f0-10cc-4074-8729-e88519735ebc|Kristal|Hurles|sornells5z@imdb.com|197-574-4408|753 Merchant Avenue|Alabama|35236|United States|US
5bc5b32e-7aa5-4fa2-b989-c09b338f10cf|Reinaldo|Jonah|tgrove60@reverbnation.com|942-591-3908|8805 Hagan Drive|Texas|75205|United States|US
f9f3b286-191b-4146-b85b-a23079800933|Alma|Kingsnod|magiolfinger61@cargocollective.com|215-139-9052|4 Ridge Oak Alley|New Jersey|8608|United States|US
b07050d0-f0df-4104-861c-b31141ef8561|Gerry|Henric|smazin62@shop-pro.jp|851-300-0457|1235 Hovde Junction|Illinois|60351|United States|US
696ce879-7df6-4ef1-96be-32478283c9e5|Benjy|Bliss|jpeffer63@bloomberg.com|363-751-4195|1096 Alpine Pass|Florida|33673|United States|US
d4807ec2-7ff6-4351-b025-1f8553a87c02|Phyllis|Wagg|lclemencet64@facebook.com|301-637-5486|7442 Eliot Parkway|South Carolina|29220|United States|US
73db3d6a-472d-4ccb-8074-b90a95a254ff|Dyane|Newlan|ksnoddy65@desdev.cn|848-283-7965|91 Heath Point|Wisconsin|53710|United States|US
7fb98c8b-b88d-4e26-9f9d-e2f08d9d8b35|Lynnette|Chieco|dwapplington66@i2i.jp|844-344-3153|6 American Ash Way|Washington|98417|United States|US
4365c519-d215-426c-a5f1-9560d5e707a5|Chauncey|Duetsche|gblampey67@elegantthemes.com|457-996-2477|2437 Bluejay Junction|Virginia|23242|United States|US
7fded38f-d1ff-4f98-8cc4-e195bf5db562|Amii|Maillard|gbotten68@tmall.com|783-337-4076|94008 Moose Point|Oklahoma|73135|United States|US
9af6fd88-8876-4292-b911-12383162c8d0|Genevra|Ossenna|crowter69@wunderground.com|309-478-3872|4 Judy Alley|District of Columbia|20530|United States|US
8e26976c-3a2b-43fb-8b68-c9027b855cf2|Clayborn|Mash|rnovakovic6a@bizjournals.com|675-302-8732|897 Bluejay Trail|Ohio|43204|United States|US
9867a13a-9ed4-49a6-bf46-65f849b4ce18|Nanete|Bartalini|bthireau6b@cdc.gov|983-194-4085|57 Bobwhite Hill|Texas|78285|United States|US
f6be2978-93e3-401e-8d3c-2e966839b755|Anneliese|Callingham|mcazalet6c@last.fm|700-314-8320|7964 John Wall Alley|Washington|98447|United States|US
cf144e67-d9c6-4f3c-b15b-04736c062df9|Morton|Westmore|mmccanny6d@shutterfly.com|917-685-0693|85 Kennedy Road|Pennsylvania|18768|United States|US
01ebb27a-91b6-4005-9bf9-c5a743ba5a8b|Kerby|Crocumbe|hyemm6e@ucoz.com|298-892-6669|57916 Fieldstone Point|North Carolina|28230|United States|US
ff19adf3-831e-4fe9-8d4d-4c1fc8bc2ef2|Noella|Dorant|tferran6f@about.com|623-638-7432|33981 Gina Circle|Georgia|31190|United States|US
4ef2f7c6-4d93-4870-8539-e090cc5a246a|Herold|Seston|iwebben6g@istockphoto.com|225-856-8650|20 Birchwood Trail|Oklahoma|74141|United States|US
45016889-5ebb-4cd7-b837-5b73160a529f|Jorgan|Kirkup|zgaffney6h@discovery.com|524-556-8150|6 Di Loreto Crossing|California|95354|United States|US
11d2bc67-4461-4dc7-b5bf-c1a7d81e88e8|Bobby|Tinson|mhaster6i@newsvine.com|130-840-4433|3580 Armistice Trail|Texas|79171|United States|US
732a769d-26c2-4f45-8f67-126ada95eb01|Dwight|Vassel|wgorsse6j@umn.edu|534-839-4225|80988 Sachs Drive|Ohio|43268|United States|US
d6b3a864-55ca-4e6e-a386-933e52df47e5|Berke|Fassum|tdulake6k@ucsd.edu|617-655-5098|97203 Garrison Plaza|District of Columbia|20420|United States|US
fa944607-03bc-4bad-b55e-55b8d4ac8415|Georgianna|Figiovanni|mdemendoza6l@buzzfeed.com|174-543-7931|2 Grim Junction|Florida|32590|United States|US
c6783168-9df4-4a47-8de5-27a49d7e077b|Sherline|Goldstraw|cjurisic6m@pbs.org|419-362-9057|63 Arapahoe Alley|Minnesota|55470|United States|US
a97d381c-e0b4-46f0-b83e-5bfc30bb7e02|Maye|Fransman|mbusfield6n@tumblr.com|648-887-9312|201 Starling Place|Virginia|22093|United States|US
5a81275f-aa1e-4c87-8ffc-bc171558e7a2|Kial|Ishak|nsilbert6o@china.com.cn|885-369-7478|1 School Lane|New York|10280|United States|US
3582ab09-2c4e-4adb-a591-19a6c5d87798|Blair|Peyes|msponer6p@gmpg.org|998-268-3746|30 1st Park|Florida|32123|United States|US
13883be2-c911-48cd-86a3-fbdcf42434ba|Chloris|Kindleside|wwarsap6q@printfriendly.com|300-448-3123|318 Golf Course Park|Colorado|80935|United States|US
37c7d42e-ec46-4f1b-b696-53820a20e3c2|Brucie|Hanhard|pbittlestone6r@twitpic.com|379-866-4076|1955 Grasskamp Pass|California|93407|United States|US
4ea12b8b-740e-411e-9ba5-a7b5c4743014|Rea|Fradgley|kscotchmoor6s@japanpost.jp|742-880-9512|848 Wayridge Center|Texas|88558|United States|US
98340bd3-8a0e-4861-95fe-8aacaa4b85b0|Brendan|Wyrall|bbahls6t@wikimedia.org|717-463-0997|8 Prentice Pass|Massachusetts|2162|United States|US
e9b171cf-ce03-45c1-86ac-d13d76af9235|Marj|Fulker|msemper6u@dedecms.com|622-347-2183|2 International Avenue|New York|12227|United States|US
c0aeef75-2b8c-4703-a8b4-ecd260408fd7|Delmar|Mullin|achoat6v@slashdot.org|493-498-5765|14 Village Green Alley|Ohio|43215|United States|US
cad5578e-45b8-4cfe-a883-294fa079a605|Collete|Meadmore|aferrierio6w@chron.com|723-972-1655|82871 Fremont Terrace|Michigan|48295|United States|US
602b1953-f5b7-4618-92be-63eef3ab25dd|Valentine|Bellany|djardein6x@house.gov|980-656-0938|63 Dexter Circle|California|92662|United States|US
dfc8e2b9-8fb0-4c09-bb7e-a34ee57754f5|Cherilynn|Dike|unassi6y@dropbox.com|664-984-6990|9 Prairie Rose Center|Tennessee|37995|United States|US
46777a49-377b-448d-8efd-b0cb0dc42035|Diana|Cottey|aallingham6z@bbb.org|869-961-9785|661 Spenser Point|California|95150|United States|US
2ddc9cd9-bd3b-4f7f-b0bc-13971a585b02|Karrie|Briers|bgoede70@is.gd|782-829-4400|8812 Forest Dale Road|California|92555|United States|US
cfe1deb1-03b9-4966-820d-2ca1a861a306|Carny|Hallows|rforgan71@devhub.com|214-988-8846|65828 Derek Parkway|Pennsylvania|19605|United States|US
28dcf740-488f-4a9b-8bba-c620677e6099|Faulkner|MacConneely|ddavenall72@gov.uk|653-431-0133|26764 Di Loreto Park|California|90030|United States|US
95f07225-d944-41e4-a8ed-7ec9eba6658d|Mozes|Gillio|mkubas73@cdbaby.com|581-371-9120|7451 Toban Trail|Hawaii|96810|United States|US
b3103919-f0e5-4c40-ab5f-665123c0825a|Sheff|McGennis|cnorris74@desdev.cn|464-318-5647|293 Nevada Circle|California|94126|United States|US
7afd6c25-f7ec-4f84-8684-0204b7317048|Katherina|Priestley|sslyman75@usnews.com|830-244-1156|0 Vahlen Road|Georgia|30392|United States|US
7e465e87-8d5a-4c0e-a596-b5ab2d74955b|Alena|Sabine|smatusson76@bandcamp.com|506-340-3433|23651 Westerfield Junction|New Jersey|7104|United States|US
2a3ebef9-d2b4-4ccf-9f30-164a002912eb|Ado|Abramzon|nlandy77@jugem.jp|980-753-8404|72329 Sullivan Way|Colorado|80204|United States|US
eb4cb0b5-689a-4262-b118-866f85afacd3|Pansy|MacGee|mvowles78@vkontakte.ru|315-348-1299|756 Prentice Plaza|New Hampshire|3804|United States|US
6f151f14-2c36-4bd5-b876-2c58254a106e|Karolina|Yakovliv|lpritchitt79@macromedia.com|645-721-4012|8 Service Hill|Connecticut|6905|United States|US
66b1852f-98b2-4f25-9bbb-8bf5d9c61ac2|Aida|Grimsley|mrye7a@jugem.jp|179-262-9391|38154 Manufacturers Trail|Arizona|85020|United States|US
8c25abe9-419b-41f7-8a42-b82a45e091f5|Berke|Ioselev|pianittello7b@yelp.com|898-299-2925|7 Heffernan Park|Oklahoma|74141|United States|US
66d3668a-26bc-4d70-b2cb-bcd4d38556a8|Bellanca|Capnor|awrench7c@shop-pro.jp|602-184-6679|8965 Dottie Point|Nebraska|68583|United States|US
aa6c406e-3cf4-4ba7-af97-4d3ccc76b240|Ebonee|Estick|vmathiasen7d@yellowbook.com|112-407-5899|4 Crowley Parkway|Maryland|21282|United States|US
14d0b719-ecb0-4b2d-bac4-c8a81e947848|Else|Eyers|scoldbathe7e@lycos.com|500-155-7281|00 Boyd Parkway|Connecticut|6816|United States|US
1f347c98-9f64-4d21-87ed-765b7700b77c|Robb|Toal|msanti7f@marketwatch.com|751-596-2802|3 Anderson Point|Nevada|89595|United States|US
ac5086cf-0a66-4adb-a751-6cdc2a9f4736|Pincas|Streeten|kosmar7g@netvibes.com|352-610-2895|4475 Schurz Parkway|Ohio|45243|United States|US
9b7f24d2-7d9a-4781-a6dc-29dda60c0449|Fredric|Kitchenside|dwilley7h@admin.ch|185-339-3009|9639 Ruskin Alley|District of Columbia|20205|United States|US
a47ed0b8-7f29-483b-8a9e-b7471831f286|Vicky|Dunthorn|mkinton7i@cnbc.com|864-526-4272|2 Charing Cross Court|Texas|77223|United States|US
1acc2c8c-3477-4a60-a656-646198dfdbc0|Ami|Ruberry|jcongram7j@homestead.com|454-690-9491|686 Trailsway Road|Georgia|31190|United States|US
74c53d46-5e33-40d7-be33-0f7308a34763|Tallie|Streader|eroskrug7k@dyndns.org|917-198-2965|008 Brown Street|California|92662|United States|US
f6bf0555-fba4-4f3f-aa16-e62de5446838|Peria|Minkin|rtamblingson7l@sitemeter.com|776-494-2867|93 Sutherland Road|Minnesota|55811|United States|US
18dfc888-ad29-45fa-a52e-6d91c4a63bdc|Elmer|Trethowan|tbalderston7m@webs.com|586-370-1260|9832 Forster Avenue|North Carolina|27409|United States|US
f0291a12-5592-4c07-bb96-3c5288c13208|Allene|Peck|kperfili7n@dell.com|603-343-0835|24141 Dryden Plaza|California|92878|United States|US
bd3586a0-b450-46b4-b80e-fc9cca45fc20|Fredric|Toppas|zbrobak7o@yellowpages.com|925-294-7491|956 Vernon Pass|Nevada|89036|United States|US
703901f9-6d0a-481f-9c1d-bb18f511ac2d|Reinhold|Astman|mkas7p@parallels.com|840-308-0476|79 Texas Way|Nevada|89519|United States|US
949f2400-b399-42a5-99c2-ecf876b8182f|Arden|Giovannardi|medmett7q@fastcompany.com|534-793-7753|478 Alpine Junction|California|92165|United States|US
036ee4df-64be-4927-9552-ed25dde7f15c|Lincoln|Ramard|earnout7r@hubpages.com|414-425-1879|36048 Emmet Plaza|California|93715|United States|US
d64ac32b-7ca8-4f79-a124-991910196021|Les|Birtonshaw|cgrunnell7s@flavors.me|968-613-9425|72 Ruskin Center|Arkansas|72231|United States|US
633d84d0-c7af-4a1a-80de-e044ab8a62f7|Goran|Chainey|nmordue7t@salon.com|500-842-6288|1 Kropf Center|Iowa|51105|United States|US
a9ae0c7a-1e96-4205-9c3e-da1c8a06562d|Irving|Alven|pangier7u@usatoday.com|774-787-1014|19 Hooker Junction|Kansas|66606|United States|US
33559668-09c3-49f8-ba51-858af63fb5a9|Culley|Beardow|cscroggins7v@eepurl.com|376-144-5480|36937 Manufacturers Circle|Ohio|45426|United States|US
a24fe733-01c8-4c0e-9011-3547ff083db0|Daffy|Mashal|dpoolton7w@whitehouse.gov|451-618-1096|2510 Fremont Lane|Illinois|60641|United States|US
582b58b7-50d5-4622-a276-6b6d6c9f1043|Norry|Pala|kepiscopio7x@bbc.co.uk|478-197-2424|79472 Ramsey Point|Wisconsin|53785|United States|US
c3c24293-5cd4-4da1-9bbe-0b322c0157dd|Preston|Earley|lbulford7y@flickr.com|639-978-6655|21275 Bashford Court|Florida|32230|United States|US
ecd94d52-8351-4598-a2ff-bd38b18d3a88|Tonnie|Stennard|gtalby7z@huffingtonpost.com|678-808-7202|60 Claremont Alley|Minnesota|55905|United States|US
64aa5cda-a277-47b5-93d1-a0b8c338947d|Hubie|Schulze|cropking80@desdev.cn|252-813-3806|79197 Reindahl Drive|North Carolina|27615|United States|US
94950e68-879f-4ff2-873e-6e60066a239e|Knox|Cavie|jsayce81@indiatimes.com|269-720-6036|9 West Crossing|Georgia|30306|United States|US
26da21f6-ec3b-4612-9ff8-1ba40084926a|Myrtie|Petraitis|tpeyzer82@indiatimes.com|205-376-7415|3797 Northridge Park|North Carolina|28278|United States|US
d10632d0-a51f-4abb-80a2-f62684a7c8ad|Gar|deKnevet|bwebermann83@amazon.co.uk|487-119-5817|3 Corben Road|Mississippi|39210|United States|US
a7ee326b-cbd1-4ab2-992e-e98511110475|Kelcy|Gaven|tbifield84@cafepress.com|538-354-7347|696 Hagan Crossing|Indiana|46896|United States|US
31e6ccb7-9c04-4205-98ef-1e46c1a80bc0|Pietro|Truckett|dharbard85@goo.gl|663-704-1289|04 Meadow Ridge Crossing|Tennessee|37210|United States|US
6d4aa22e-9201-4a64-9ef5-cc27965c8335|Arlana|Hearthfield|hissakov86@addthis.com|403-267-8592|9843 Hoepker Trail|New Jersey|7104|United States|US
b62a86cb-ba69-467f-99f3-fac0755ad52c|Nonah|Bales|jmcfater87@chron.com|942-194-4889|37 Alpine Street|Texas|79994|United States|US
1e42e798-bdea-4de2-8f92-9766c358d471|Nefen|Stode|mantrag88@spiegel.de|164-793-3398|81 International Circle|Florida|34135|United States|US
6143a99d-cd87-473b-bdb3-00ef2230a57b|Ursulina|Bowstead|ogibbard89@meetup.com|992-999-4009|2470 Old Shore Road|New York|11247|United States|US
2dd93057-0cd6-410f-9f0e-bed259157348|Agnesse|Hannis|adodds8a@comcast.net|239-689-8233|83076 Hansons Alley|North Carolina|28247|United States|US
05e8b91a-8a5a-43a8-a303-ddce87b57868|Perceval|Kix|emasurel8b@bbc.co.uk|462-676-5727|95 Susan Road|Missouri|64125|United States|US
96cf6a58-b771-4d5a-875d-80a7430266ac|Gilda|Pagnin|gmatthensen8c@jimdo.com|740-358-3352|81 Petterle Crossing|Illinois|60630|United States|US
